Date,Occasion,Font-size
25/10/2026,Clocks go back,
31/10/2026,🎃 Halloween,
05/11/2026,Bonfire Night,
08/11/2026,Remembrance Sunday,0.6rem
30/11/2026,🏴󠁧󠁢󠁳󠁣󠁴󠁿 St Andrew’s Day,
24/12/2026,🎅 Christmas Eve,
25/12/2026,🎄 Christmas Day ★,
26/12/2026,🥊 Boxing Day,
28/12/2026,Boxing Day bank holiday ★,
31/12/2026,🥂 New Year’s Eve,
01/01/2027,New Year’s Day ★,
25/01/2027,🏴󠁧󠁢󠁳󠁣󠁴󠁿 Burns Night,
06/02/2027,Lunar New Year,
09/02/2027,Shrove Tuesday,
14/02/2027,❤️ Valentine’s Day,0.7rem
01/03/2027,🏴󠁧󠁢󠁷󠁬󠁳󠁿 St David’s Day,
07/03/2027,Mother’s Day,
17/03/2027,☘️ St Patrick’s Day,
26/03/2027,Good Friday ★,
28/03/2027,Easter Sunday,
28/03/2027,Clocks go forwards,
29/03/2027,Easter Monday ★,
23/04/2027,🏴󠁧󠁢󠁥󠁮󠁧󠁿 St George’s Day,
03/05/2027,Early May bank holiday ★,
31/05/2027,Spring bank holiday ★,
20/06/2027,Father’s Day,
30/08/2027,Summer bank holiday ★,
31/10/2027,🎃 Halloween,
31/10/2027,Clocks go back,
05/11/2027,Bonfire Night,
14/11/2027,Remembrance Sunday,0.6rem
30/11/2027,🏴󠁧󠁢󠁳󠁣󠁴󠁿 St Andrew’s Day,
24/12/2027,🎅 Christmas Eve,
25/12/2027,🎄 Christmas Day,
26/12/2027,🥊 Boxing Day,
27/12/2027,Christmas Day bank holiday ★,
28/12/2027,Boxing Day bank holiday ★,
31/12/2027,🥂 New Year’s Eve,
01/01/2028,New Year’s Day,
